Marker	Population	Allele	Frequency
mh01CP-016	HanChen2019Mixtures	T,G,G	0.2166
mh01CP-016	HanChen2019Mixtures	T,G,A	0.2916
mh01CP-016	HanChen2019Mixtures	T,A,A	0.425
mh01CP-016	HanChen2019Mixtures	A,G,A	0.0666
mh02CP-004	HanChen2019Mixtures	C,T,A	0.4166
mh02CP-004	HanChen2019Mixtures	C,T,G	0.0833
mh02CP-004	HanChen2019Mixtures	T,T,G	0.15
mh02CP-004	HanChen2019Mixtures	C,G,G	0.35
mh04CP-002	HanChen2019Mixtures	C,G,A	0.0584
mh04CP-002	HanChen2019Mixtures	C,G,T	0.1056
mh04CP-002	HanChen2019Mixtures	C,A,A	0.0544
mh04CP-002	HanChen2019Mixtures	G,A,A	0.04
mh04CP-003	HanChen2019Mixtures	A,C,C	0.225
mh04CP-003	HanChen2019Mixtures	G,C,C	0.1583
mh04CP-003	HanChen2019Mixtures	A,C,T	0.3416
mh04CP-003	HanChen2019Mixtures	G,T,C	0.275
mh05CP-004	HanChen2019Mixtures	C,T,T	0.125
mh05CP-004	HanChen2019Mixtures	C,T,C	0.2333
mh05CP-004	HanChen2019Mixtures	C,C,T	0.45
mh05CP-004	HanChen2019Mixtures	C,C,C	0.025
mh05CP-004	HanChen2019Mixtures	A,T,T	0.1666
mh06CP-003	HanChen2019Mixtures	A,A,C	0.275
mh06CP-003	HanChen2019Mixtures	A,G,C	0.2416
mh06CP-003	HanChen2019Mixtures	G,G,C	0.1916
mh06CP-003	HanChen2019Mixtures	A,A,A	0.2833
mh06CP-003	HanChen2019Mixtures	G,A,C	0.0083
mh07CP-004	HanChen2019Mixtures	T,T,A,T,C	0.1333
mh07CP-004	HanChen2019Mixtures	A,A,T,A,T	0.4083
mh07CP-004	HanChen2019Mixtures	A,A,T,A,C	0.4583
mh10CP-003	HanChen2019Mixtures	C,C,A	0.3416
mh10CP-003	HanChen2019Mixtures	T,C,A	0.2666
mh10CP-003	HanChen2019Mixtures	C,C,C	0.3333
mh10CP-003	HanChen2019Mixtures	C,T,A	0.0583
mh11CP-003	HanChen2019Mixtures	A,G,A	0.325
mh11CP-003	HanChen2019Mixtures	A,A,A	0.2
mh11CP-003	HanChen2019Mixtures	A,A,C	0.2916
mh11CP-003	HanChen2019Mixtures	C,A,A	0.1833
mh14CP-003	HanChen2019Mixtures	G,G,G	0.1583
mh14CP-003	HanChen2019Mixtures	A,G,G	0.0833
mh14CP-003	HanChen2019Mixtures	G,G,A	0.45
mh14CP-003	HanChen2019Mixtures	G,A,A	0.0333
mh14CP-003	HanChen2019Mixtures	G,A,G	0.275
mh17CP-001	HanChen2019Mixtures	G,A,G	0.1583
mh17CP-001	HanChen2019Mixtures	G,G,G	0.35
mh17CP-001	HanChen2019Mixtures	G,G,A	0.125
mh17CP-001	HanChen2019Mixtures	C,A,G	0.3666
mh17CP-006	HanChen2019Mixtures	G,T,C	0.375
mh17CP-006	HanChen2019Mixtures	C,T,T	0.175
mh17CP-006	HanChen2019Mixtures	C,C,T	0.0916
mh17CP-006	HanChen2019Mixtures	C,T,C	0.3583
mh18CP-003	HanChen2019Mixtures	A,T,T	0.2666
mh18CP-003	HanChen2019Mixtures	A,C,T	0.25
mh18CP-003	HanChen2019Mixtures	A,T,C	0.35
mh18CP-003	HanChen2019Mixtures	G,T,C	0.1333
mh18CP-005	HanChen2019Mixtures	A,C,G,C	0.2666
mh18CP-005	HanChen2019Mixtures	A,T,A,C	0.2916
mh18CP-005	HanChen2019Mixtures	G,C,A,C	0.1333
mh18CP-005	HanChen2019Mixtures	A,C,A,T	0.3083
mh12CP-003	HanChen2019Mixtures	G,T,A	0.5166
mh12CP-003	HanChen2019Mixtures	G,C,G	0.1916
mh12CP-003	HanChen2019Mixtures	T,T,A	0.1833
mh12CP-003	HanChen2019Mixtures	G,C,A	0.1083
mh08CP-009	HanChen2019Mixtures	C,G,A	0.05
mh08CP-009	HanChen2019Mixtures	T,G,A	0.275
mh08CP-009	HanChen2019Mixtures	C,T,A	0.4333
mh08CP-009	HanChen2019Mixtures	T,G,C	0.2416
mh11CP-004	HanChen2019Mixtures	C,G,G	0.5583
mh11CP-004	HanChen2019Mixtures	C,G,A	0.15
mh11CP-004	HanChen2019Mixtures	C,T,A	0.0916
mh11CP-004	HanChen2019Mixtures	T,G,G	0.2
mh12CP-007	HanChen2019Mixtures	A,T,C	0.1583
mh12CP-007	HanChen2019Mixtures	C,T,C	0.2166
mh12CP-007	HanChen2019Mixtures	A,C,T	0.45
mh12CP-007	HanChen2019Mixtures	A,T,T	0.1666
mh12CP-007	HanChen2019Mixtures	A,C,C	0.0083
mh10CP-005	HanChen2019Mixtures	T,T,T	0.3833
mh10CP-005	HanChen2019Mixtures	C,T,T	0.1083
mh10CP-005	HanChen2019Mixtures	C,T,C	0.3833
mh10CP-005	HanChen2019Mixtures	C,C,C	0.125
mh17CP-002	HanChen2019Mixtures	G,G,T	0.225
mh17CP-002	HanChen2019Mixtures	A,G,C	0.1333
mh17CP-002	HanChen2019Mixtures	A,G,T	0.2666
mh17CP-002	HanChen2019Mixtures	G,T,T	0.375
mh04CP-004	HanChen2019Mixtures	C,C,C	0.4916
mh04CP-004	HanChen2019Mixtures	C,C,T	0.15
mh04CP-004	HanChen2019Mixtures	T,C,C	0.125
mh04CP-004	HanChen2019Mixtures	T,T,C	0.2333
mh01CP-010	HanChen2019Mixtures	T,C,A	0.375
mh01CP-010	HanChen2019Mixtures	C,C,G	0.475
mh01CP-010	HanChen2019Mixtures	C,C,A	0.0666
mh01CP-010	HanChen2019Mixtures	C,T,G	0.0833
mh13CP-010	HanChen2019Mixtures	G,G,A	0.3833
mh13CP-010	HanChen2019Mixtures	A,G,A	0.0416
mh13CP-010	HanChen2019Mixtures	A,G,G	0.2333
mh13CP-010	HanChen2019Mixtures	A,A,A	0.3416
mh16CP-001	HanChen2019Mixtures	G,C,C,C,T	0.3416
mh16CP-001	HanChen2019Mixtures	T,C,G,C,T	0.4833
mh16CP-001	HanChen2019Mixtures	G,A,G,C,T	0.175
mh10CP-006	HanChen2019Mixtures	A,T,G,A,G	0.0916
mh10CP-006	HanChen2019Mixtures	A,C,G,G,G	0.2
mh10CP-006	HanChen2019Mixtures	A,C,G,G,T	0.5333
mh10CP-006	HanChen2019Mixtures	C,T,G,A,G	0.075
mh10CP-006	HanChen2019Mixtures	C,C,G,A,G	0.1
