Marker,VariantIndex,Refr,Alt
mh02FHL-003,3,A,AC;ACC
mh02FHL-006,33,T,TA
mh03FHL-003,1,AT,A
mh06FHL-001,2,C,CATT
mh06FHL-001,7,A,AC
mh06FHL-002,0,AT,A;GT
mh06FHL-002,14,TG,T
mh06FHL-002,25,C,CA
mh06FHL-002,26,A,AG
mh07FHL-001,5,CAA,C
mh07FHL-004,2,AT,A
mh07FHL-004,4,CTG,C;CTC
mh07FHL-004,9,G,AG
mh07FHL-004,11,T,CT
mh07FHL-004,16,G,GACCACT
mh08FHL-006,2,AG,A;AGG
mh08FHL-006,4,GT,G;GG
mh10FHL-001,17,G,A;AA
mh10FHL-007,2,G,GCA
mh10FHL-007,4,TC,T
mh11FHL-007,17,CT,C
mh13FHL-002,6,AT,A;ATT
mh17FHL-005,6,CT,C
mh17FHL-005,10,C,CCA
mh17FHL-005,12,GC,G
